kid,built_km2_2023,built_km2_2024,built_km2_2025,gain_km2_23_24,loss_km2_23_24,net_km2_23_24,gain_km2_24_25,loss_km2_24_25,net_km2_24_25,gain_km2_23_25,loss_km2_23_25,net_km2_23_25,delta_km2_23_24,delta_km2_24_25,delta_km2_23_25
301,68.88760005784697,52.28446318746601,55.02331958675465,3.5926014262695314,20.19573829658945,-16.60313687031992,9.088277512438246,6.349421113393746,2.7388563991055364,4.026120000719497,17.89040047193388,-13.864280471214384,3.5926014262695314,9.088277512438246,4.026120000719497
1101,3.20468176361084,3.154580491394043,2.8155253388061525,0.5815342779541015,0.6316355501098633,-0.050101272216796874,0.4580742646484375,0.7971294172363281,-0.3390551526489258,0.4043976239013672,0.7935540487060547,-0.3891564248046875,0.5815342779541015,0.4580742646484375,0.4043976239013672
1103,26.953118831205717,21.302402068781834,22.66812869562055,1.716289277764055,7.367006040187941,-5.650716762423886,5.067678148212268,3.7019515213735543,1.3657266268387138,1.1182973750653435,5.4032875106505145,-4.284990135585172,1.716289277764055,5.067678148212268,1.1182973750653435
1106,9.191495567676021,9.927316463455979,9.197369361654125,1.5141001347495884,0.7782792389696308,0.7358208957799576,0.7045277122192383,1.434474814021092,-0.7299471018018536,1.3068721695659564,1.3009983755878523,0.005873793978103902,1.5141001347495884,0.7045277122192383,1.3068721695659564
1108,17.278367627008176,16.11761583282016,12.651304309480317,1.223156914541925,2.383908708729942,-1.160751794188017,1.2420609016900754,4.7083724250299195,-3.466311523339844,0.5856939544833314,5.212757272011192,-4.627063317527861,1.223156914541925,1.2420609016900754,0.5856939544833314
1111,0.6719539998494466,0.6549520560017903,0.5316451211547851,0.1494766965332031,0.16647864038085938,-0.01700194384765625,0.08681827282714843,0.21012520767415363,-0.12330693484700521,0.05996852124023438,0.20027739993489582,-0.14030887869466147,0.1494766965332031,0.08681827282714843,0.05996852124023438
1112,0.8729740724487305,0.694800822265625,0.6616696171875,0.10386131170654297,0.2820345618896484,-0.17817325018310548,0.16832607702636718,0.20145728210449218,-0.033131205078125,0.06625331903076172,0.2775577742919922,-0.21130445526123046,0.10386131170654297,0.16832607702636718,0.06625331903076172
1114,0.5216899358520508,0.4805289910888672,0.32035254229736326,0.08322222479248047,0.12438316955566406,-0.04116094476318359,0.03579381451416016,0.19597026330566406,-0.16017644879150392,0.057270813903808594,0.2586082074584961,-0.2013373935546875,0.08322222479248047,0.03579381451416016,0.057270813903808594
1119,5.779835608398438,4.478662976806641,3.9272392631740196,0.8084696915283203,2.1096423231201173,-1.3011726315917969,1.445571180532418,1.996994894165039,-0.551423713632621,0.3473931194972618,2.1999894647216798,-1.852596345224418,0.8084696915283203,1.445571180532418,0.3473931194972618
1120,5.082428655947696,2.9801255177159924,3.873790759466433,0.30591361704819625,2.4082167552799,-2.102303138231704,1.7954495387022729,0.9017842969518325,0.8936652417504406,0.35893596825717106,1.5675738647384343,-1.2086378964812634,0.30591361704819625,1.7954495387022729,0.35893596825717106
1121,4.9250878966313385,1.9911048770345054,3.564247082407036,0.17172813388552197,3.105711153482355,-2.933983019596833,2.301847450905475,0.7287052455329447,1.5731422053725308,0.2154916641319125,1.5763324783562154,-1.360840814224303,0.17172813388552197,2.301847450905475,0.2154916641319125
1122,2.970977054395249,2.768124842266247,2.3647842516754745,0.19593278466796876,0.3987849967969707,-0.20285221212900198,0.13684707359714882,0.5401876641879213,-0.4033405905907725,0.1574605889892578,0.7636533917090322,-0.6061928027197744,0.19593278466796876,0.13684707359714882,0.1574605889892578
1124,5.653875231942689,2.8815782413234334,4.625359325826727,1.0029939383954216,3.775290929014677,-2.7722969906192563,2.97273100002968,1.2289499155263863,1.7437810845032935,0.44783151053658277,1.4763474166525448,-1.028515906115962,1.0029939383954216,2.97273100002968,0.44783151053658277
1127,2.1672082373891794,0.9427424876397825,1.729627782297411,0.09837761962890625,1.3228433693783033,-1.224465749749397,0.9604625263159658,0.17357723165833716,0.7868852946576287,0.08496280151367187,0.5225432566054401,-0.4375804550917682,0.09837761962890625,0.9604625263159658,0.08496280151367187
1130,4.043974858398437,3.923160926574707,3.8175778880615234,0.5476725682983399,0.6684865001220703,-0.12081393182373047,0.474300040222168,0.5798830787353516,-0.1055830385131836,0.4214912010498047,0.6478881713867187,-0.22639697033691406,0.5476725682983399,0.474300040222168,0.4214912010498047
1133,0.6041869060058593,0.6238909118652344,0.4618754266357422,0.1978300740966797,0.17812606823730467,0.019704005859375,0.11815786474609374,0.28017334997558596,-0.16201548529052734,0.12531744342041015,0.26762892279052736,-0.14231147937011718,0.1978300740966797,0.11815786474609374,0.12531744342041015
1134,0.5909023500366211,1.0386085809936523,0.7709004070434571,0.5336505743408203,0.08594434338378906,0.44770623095703127,0.05999485412597656,0.32770302807617185,-0.2677081739501953,0.336667044921875,0.15666898791503905,0.17999805700683594,0.5336505743408203,0.05999485412597656,0.336667044921875
1135,1.2483442575683594,1.4659697924194337,1.249252339050293,0.3814921486816406,0.16386661383056642,0.21762553485107422,0.1217868486328125,0.33850430200195314,-0.2167174533691406,0.2462696883544922,0.2453616068725586,9.080814819335938E-4,0.3814921486816406,0.1217868486328125,0.2462696883544922
1144,0.09566915185546875,0.14126821099853515,0.09566893048095704,0.048281407958984376,0.002682348815917969,0.0455990591430664,0.006258813781738281,0.051858094299316405,-0.045599280517578125,0.02414073846435547,0.024140959838867188,-2.2137451171875E-7,0.048281407958984376,0.006258813781738281,0.02414073846435547
1145,0.31208078704833986,0.31118753704833985,0.15648786212158203,0.042922897216796874,0.04381614721679687,-8.9325E-4,0.008942148620605469,0.16364182354736329,-0.15469967492675782,0.0071536901245117185,0.16274661505126953,-0.1555929249267578,0.042922897216796874,0.008942148620605469,0.0071536901245117185
1146,3.539752352172852,3.163199806640625,2.7133963009643556,0.41229501971435545,0.7861638466186524,-0.3738688269042969,0.37745006439208983,0.8272535700683594,-0.44980350567626953,0.19944193884277345,1.0257979900512695,-0.8263560512084961,0.41229501971435545,0.37745006439208983,0.19944193884277345
1149,13.557385657043458,13.487626551574706,10.143137912841796,1.6967914930419923,1.766550598449707,-0.06975910546875,0.8662684956054687,4.210757134277344,-3.3444886387329102,0.9181177338256836,4.332365478027344,-3.4142477442016603,1.6967914930419923,0.8662684956054687,0.9181177338256836
1151,0.014295524169921876,0.0259107744140625,0.002680411560058594,0.016976062866210936,0.005360812622070312,0.011615250244140625,0.0,0.023230362854003907,-0.023230362854003907,0.0,0.011615112609863282,-0.011615112609863282,0.016976062866210936,0.0,0.0
1160,2.365710944824219,1.830740948852539,1.5121222049560548,0.315859154296875,0.8025160306396485,-0.48665687634277344,0.46072581292724607,0.786502081237793,-0.3257762683105469,0.16640929693603515,1.0199980368041992,-0.8535887398681641,0.315859154296875,0.46072581292724607,0.16640929693603515
1505,4.729592479003906,5.358921541992188,4.029302610595703,1.4059416198120118,0.7766125568237304,0.6293290629882813,0.23971705310058594,1.569335984436035,-1.3296189313354492,0.7640232961425781,1.464313164489746,-0.700289868347168,1.4059416198120118,0.23971705310058594,0.7640232961425781
1506,6.29551188104248,6.408524794459204,5.117255654052735,1.126091073145728,0.8570466711425782,0.2690444020031499,0.36794528302001955,1.7946211721447516,-1.426675889124732,0.6209693693237305,1.7992255963134767,-1.1782562270507813,1.126091073145728,0.36794528302001955,0.6209693693237305
1508,10.4922607008667,6.503106540039062,8.370420330871582,2.2624292411499023,2.008693842224121,0.25373539892578123,1.65104279486084,2.3636706392822266,-0.7126278444213867,1.6448399181518554,3.7666802881469725,-2.1218403699951174,2.2624292411499023,1.65104279486084,1.6448399181518554
1511,0.3743213454589844,0.20416803436279296,0.3510240723876953,0.09044358935546876,0.06358513098144532,0.02685845837402344,0.04835933093261719,0.15043479815673827,-0.1020754672241211,0.1951969755859375,0.21849424865722655,-0.023297273071289062,0.09044358935546876,0.04835933093261719,0.1951969755859375
1514,0.34743897143554686,0.117299931640625,0.2614783897094727,0.061784967956542966,0.012535748779296875,0.0492492191772461,0.004477451843261719,0.09580789318847656,-0.09133044134521484,0.05462467193603516,0.1405852536621094,-0.08596058172607422,0.061784967956542966,0.004477451843261719,0.05462467193603516
1515,1.6694233858032226,1.6452194677734375,1.0621926051635742,0.4164529358520508,0.3878197232666016,0.02863321258544922,0.15942659252929686,0.7720064513549805,-0.6125798588256836,0.18538948315429687,0.7926202637939453,-0.6072307806396484,0.4164529358520508,0.15942659252929686,0.18538948315429687
1516,2.523494421447754,1.5864749566650391,1.869559582763672,0.3296540281982422,0.2167843862915039,0.11286964190673827,0.07435171112060547,0.6118308024291992,-0.5374790913085937,0.10122591168212891,0.7551607503662109,-0.653934838684082,0.3296540281982422,0.07435171112060547,0.10122591168212891
1517,1.447923673095703,1.2732160490112305,1.156727375793457,0.2598417469482422,0.15948916320800782,0.10035258374023437,0.11558436016845704,0.39424172326660156,-0.27865736309814454,0.1281278642578125,0.4193241615600586,-0.2911962973022461,0.2598417469482422,0.11558436016845704,0.1281278642578125
1520,2.850386311706543,1.1487245752563477,2.319041261657715,0.2499923076171875,0.28405190838623046,-0.03405960076904297,0.2087806674194336,0.4381533294067383,-0.2293726619873047,0.27062629187011716,0.8019713419189453,-0.5313450500488281,0.2499923076171875,0.2087806674194336,0.27062629187011716
1525,0.9291482135009765,0.20537773205566406,0.7408170093383789,0.08789505151367187,0.016142380859375,0.07175267065429687,0.005381898681640625,0.0753349476928711,-0.06995304901123046,0.1865534874267578,0.37488469158935545,-0.18833120416259766,0.08789505151367187,0.005381898681640625,0.1865534874267578
1528,1.6568674725952148,0.005379333251953125,1.335876196472168,0.0026896732177734374,0.013448336547851563,-0.010758663330078124,0.012551874694824218,0.004482767883300781,0.008069106811523438,0.19813981799316407,0.519131094116211,-0.3209912761230469,0.0026896732177734374,0.012551874694824218,0.19813981799316407
1531,2.122106052691291,1.6544424927368164,1.7826064072875976,0.38090538385009765,0.3844991887207031,-0.0035938048706054687,0.3110091682739258,0.5242983635864258,-0.2132891953125,0.3020450643310547,0.6415447097347483,-0.3394996454036937,0.38090538385009765,0.3110091682739258,0.3020450643310547
1532,1.997448925476074,2.3514378680419923,1.9804502286376953,0.7043614671020508,0.3503725245361328,0.35398894256591795,0.21954898468017578,0.5905366240844726,-0.37098763940429685,0.4211846829223633,0.4381833797607422,-0.016998696838378905,0.7043614671020508,0.21954898468017578,0.4211846829223633
1535,1.904512432861328,1.0559075958862305,1.0908419909667968,0.10496510949707032,0.41894547760009765,-0.3139803681030273,0.13455649737548828,0.443177834777832,-0.30862133740234376,0.13186117901611327,0.9455316209106446,-0.8136704418945313,0.10496510949707032,0.13455649737548828,0.13186117901611327
1539,1.560002912841797,1.9468894307861329,1.343698202392578,0.688467560546875,0.29709392065429685,0.3913736398925781,0.13822922344970703,0.7414204518432618,-0.6031912283935547,0.25581846313476564,0.47212317358398437,-0.21630471044921876,0.688467560546875,0.13822922344970703,0.25581846313476564
1547,0.8029132586344402,1.0835655032348632,0.5064551018604951,0.40005817364501955,0.05650935662841797,0.34354881701660156,0.026014330993652343,0.6090559009399414,-0.5830415699462891,0.05651247760009766,0.35297063437404264,-0.296458156773945,0.40005817364501955,0.026014330993652343,0.05651247760009766
1554,1.0654711776123047,1.0546974541015626,0.6193524455566406,0.28813258099365235,0.29890630450439454,-0.010773723510742187,0.034108801391601565,0.4694538099365234,-0.43534500854492186,0.13194876794433594,0.5780675,-0.4461187319946289,0.28813258099365235,0.034108801391601565,0.13194876794433594
1557,0.5153218074340821,0.3582106080932617,0.3133061296386719,0.03770688671875,0.19481808605957032,-0.15711119934082032,0.06553279797363282,0.11043727642822265,-0.04490447845458984,0.03142033953857422,0.23343601733398436,-0.20201567779541016,0.03770688671875,0.06553279797363282,0.03142033953857422
1560,0.5361360295410156,0.5657822741699219,0.3816866135864258,0.14638416314697267,0.1167379185180664,0.02964624462890625,0.03861773431396484,0.22271339489746095,-0.1840956605834961,0.07633758422851562,0.23078700018310547,-0.15444941595458983,0.14638416314697267,0.03861773431396484,0.07633758422851562
1563,1.0330885721435548,1.9278451561279297,1.2522899741210938,0.9486559990234374,0.0538994150390625,0.8947565841064453,0.05389973358154297,0.7294549155883789,-0.675555182006836,0.45995445092773435,0.2407530489501953,0.21920140197753907,0.9486559990234374,0.05389973358154297,0.45995445092773435
1566,0.8930760456542969,1.2228121005859376,0.7960409865112305,0.3863404682006836,0.05660441326904297,0.3297360549316406,0.04402389880371094,0.47079501287841796,-0.426771114074707,0.12039367034912109,0.2174287294921875,-0.09703505914306641,0.3863404682006836,0.04402389880371094,0.12039367034912109
1573,0.35113386682128905,0.3430531887817383,0.17511813385009767,0.07992866033935547,0.08800933837890625,-0.008080678039550782,0.026942166931152343,0.19487722186279297,-0.16793505493164063,0.025145710205078126,0.20116144317626952,-0.1760157329711914,0.07992866033935547,0.026942166931152343,0.025145710205078126
1576,0.4249099430541992,0.45636194720458984,0.3809249328613281,0.12307332275390626,0.09162131860351562,0.03145200415039062,0.06917758654785157,0.14461460089111328,-0.07543701434326172,0.12308124157714843,0.16706625177001952,-0.04398501019287109,0.12307332275390626,0.06917758654785157,0.12308124157714843
1577,2.5931252861328127,2.416537033569336,1.759807451171875,0.3682600490722656,0.38529478143310547,-0.017034732360839844,0.19892890557861329,0.9058524849243164,-0.7069235793457032,0.12994473486328126,0.9632625698242188,-0.8333178349609375,0.3682600490722656,0.19892890557861329,0.12994473486328126
1578,0.4234396285400391,0.30773710577392577,0.21978663317871094,0.16866768212890626,0.038579320983886715,0.13008836114501954,0.02063407751464844,0.24044824993896485,-0.21981417242431642,0.052931147094726565,0.2565841424560547,-0.20365299536132814,0.16866768212890626,0.02063407751464844,0.052931147094726565
1579,3.274969774230957,3.3045057279052736,2.6424058516235354,0.7204726970214844,0.6003297709350586,0.12014292608642578,0.3724041489257813,1.0623137648925782,-0.6899096159667969,0.358916381652832,0.9914803042602539,-0.6325639226074219,0.7204726970214844,0.3724041489257813,0.358916381652832
1580,1.5338556764526368,1.926545971496582,1.2156939516601561,0.7100398116455078,0.3039031430053711,0.4061366686401367,0.21516031927490234,0.9304940930175781,-0.7153337737426758,0.3209673316040039,0.6391290563964844,-0.31816172479248045,0.7100398116455078,0.21516031927490234,0.3209673316040039
1811,0.261108185546875,0.22509311981201172,0.2097867280883789,0.02340969543457031,0.05942476116943359,-0.03601506573486328,0.029712165161132814,0.04501855688476562,-0.015306391723632812,0.022509187622070312,0.0738306450805664,-0.051321457458496096,0.02340969543457031,0.029712165161132814,0.022509187622070312
1812,0.25929884075927734,0.16836384393310547,0.19717492999267577,0.017106422058105468,0.10804141888427735,-0.09093499682617187,0.06752572705078125,0.038714640991210934,0.028811086059570314,0.02340888659667969,0.08553279736328125,-0.062123910766601564,0.017106422058105468,0.06752572705078125,0.02340888659667969
1813,0.7599045733642578,0.7139892738647461,1.0480155537109375,0.19808122381591797,0.24399652331542968,-0.045915299499511716,0.4609812364501953,0.1269549566040039,0.33402627984619143,0.3646438462524414,0.07653286590576172,0.2881109803466797,0.19808122381591797,0.4609812364501953,0.3646438462524414
1815,0.07562434893798828,0.07832517803955077,0.07652466760253906,0.02610835662841797,0.02340752752685547,0.0027008291015625,0.022507300537109375,0.024307810974121095,-0.0018005104370117187,0.025208159057617186,0.024307840393066407,9.003186645507813E-4,0.02610835662841797,0.022507300537109375,0.025208159057617186
1816,0.012605800903320313,0.010804978393554687,0.025211606811523436,0.004502081848144531,0.006302904357910156,-0.001800822509765625,0.01620747021484375,0.001800841796875,0.01440662841796875,0.015307045471191407,0.0027012395629882812,0.012605805908203125,0.004502081848144531,0.01620747021484375,0.015307045471191407
1818,0.06302693481445312,0.05942535845947266,0.05300971754868451,0.021609228942871095,0.025210805297851562,-0.0036015763549804686,0.016093944904641545,0.022509585815429688,-0.006415640910788144,0.01699432057602826,0.027011537841796874,-0.010017217265768612,0.021609228942871095,0.016093944904641545,0.01699432057602826
1820,0.03151495556640625,0.0351166943359375,0.08373939056396484,0.02431154718017578,0.020709808410644532,0.00360173876953125,0.0639300072631836,0.01530731103515625,0.04862269622802735,0.05672662414550781,0.004502189147949219,0.05222443499755859,0.02431154718017578,0.0639300072631836,0.05672662414550781
1822,0.0,0.0,0.0,0.0,0.0,0.0,0.0,0.0,0.0,0.0,0.0,0.0,0.0,0.0,0.0
1824,2.097434229248047,1.3049302559204101,1.6912765100708007,0.21343607135009765,1.0059400446777345,-0.7925039733276367,0.7970073490600585,0.41066109490966796,0.38634625415039064,0.21163508843994142,0.6177928076171875,-0.4061577191772461,0.21343607135009765,0.7970073490600585,0.21163508843994142
1825,0.35303547521972656,0.2926950928955078,0.08735826831054687,0.04142754040527344,0.10176792272949219,-0.06034038232421875,0.004502998229980469,0.2098398228149414,-0.20533682458496094,0.005403583862304688,0.2710807907714844,-0.2656772069091797,0.04142754040527344,0.004502998229980469,0.005403583862304688
1826,0.1269948764038086,0.19994948748779298,0.17022726684570313,0.09727275665283203,0.024318145568847656,0.07295461108398438,0.029722215698242186,0.05944443634033203,-0.029722220642089844,0.06484850885009766,0.021616118408203124,0.04323239044189453,0.09727275665283203,0.029722215698242186,0.06484850885009766
1827,0.0,0.0,0.0,0.0,0.0,0.0,0.0,0.0,0.0,0.0,0.0,0.0,0.0,0.0,0.0
1832,0.009006610473632812,0.009006584411621093,0.0,0.009006584411621093,0.009006610473632812,-2.606201171875E-8,0.0,0.009006584411621093,-0.009006584411621093,0.0,0.009006610473632812,-0.009006610473632812,0.009006584411621093,0.0,0.0
3101,11.299391220031739,8.513676180480957,7.344889809631348,0.34460590179443357,3.13032094140625,-2.785715039611816,0.48767945538330076,1.6564658262329102,-1.1687863708496093,0.1313651851196289,4.085866595581055,-3.954501410461426,0.34460590179443357,0.48767945538330076,0.1313651851196289
3103,11.174095339660644,9.69724675339523,7.339045281921386,1.0846381439591948,2.561486730224609,-1.4768485862654146,0.7383977637939453,3.0965992352677887,-2.3582014714738433,0.6385687579345704,4.473618815673828,-3.8350500577392577,1.0846381439591948,0.7383977637939453,0.6385687579345704
3105,17.085985336027978,14.422943842180798,11.94290183375962,0.6567427926025391,3.3197842864497162,-2.6630414937861424,0.6432410964355468,3.123283104856723,-2.4800420084211763,0.30858067315673826,5.451664175425091,-5.143083502268354,0.6567427926025391,0.6432410964355468,0.30858067315673826
3107,22.026015426851156,16.934433389229326,15.865914156553501,0.9828276437782437,6.07440968146111,-5.091582037621831,1.8215618806762695,2.8900811134131343,-1.0685192326758293,0.6557626029052734,6.815863873141899,-6.1601012703586955,0.9828276437782437,1.8215618806762695,0.6557626029052734
3110,0.8014960418701171,0.8725518782348632,0.5469218667602539,0.21408365832519533,0.14302782196044922,0.07105583636474609,0.02158870263671875,0.3472187141113281,-0.32563001147460935,0.059367669494628905,0.3139418446044922,-0.2545741751098633,0.21408365832519533,0.02158870263671875,0.059367669494628905
3112,2.8242485177253274,2.170644415119007,2.1859580896802715,0.31412247407896754,0.9677265766852884,-0.6536041026063208,0.497421792175293,0.48210811761402805,0.01531367456126494,0.2043980728345684,0.8426885008796243,-0.6382904281060909,0.31412247407896754,0.497421792175293,0.2043980728345684
3114,1.3177775966796874,1.1306810982055664,0.8257457686157227,0.13042933197021483,0.3175258304443359,-0.1870964984741211,0.08725141418457032,0.39218674377441404,-0.30493532958984376,0.06206655834960938,0.5540983864135742,-0.49203182806396484,0.13042933197021483,0.08725141418457032,0.06206655834960938
3116,0.8762852360839843,0.754828186706543,0.7188411402587891,0.04498355358886719,0.16644060302734376,-0.12145704943847656,0.03328797149658203,0.06927501788330079,-0.03598704638671875,0.03868577990722656,0.19612987573242188,-0.1574440958251953,0.04498355358886719,0.03328797149658203,0.03868577990722656
3118,12.820730896911622,10.297965008972168,9.817549443359376,0.810623609008789,3.333389496887207,-2.522765887878418,1.2478846724243164,1.7283002380981445,-0.48041556567382815,0.5596175374145508,3.562798990966797,-3.003181453552246,0.810623609008789,1.2478846724243164,0.5596175374145508
3120,2.3825798600815715,2.359212721862793,2.1603618591308593,0.5335665595092773,0.5569336977280561,-0.023367138218778723,0.2546368568725586,0.4534877196044922,-0.1988508627319336,0.408497880859375,0.6307158818100873,-0.2222180009507123,0.5335665595092773,0.2546368568725586,0.408497880859375
3122,1.1922823819429285,0.28672453686403765,0.7433428507080078,0.04589612860107422,0.9514539736799651,-0.9055578450788909,0.5201602391967773,0.06354192535280714,0.45661831384397017,0.05759548522949219,0.5065350164644129,-0.4489395312349207,0.04589612860107422,0.5201602391967773,0.05759548522949219
3124,0.2483818708496094,0.15838876092529297,0.1277910170288086,0.03149774334716797,0.12149085327148437,-0.0899931099243164,0.022498462585449217,0.0530962064819336,-0.030597743896484376,0.015298933837890626,0.13588978765869142,-0.12059085382080079,0.03149774334716797,0.022498462585449217,0.015298933837890626
3201,20.550469631808415,11.462337932871383,13.945392159998754,0.9919518410644531,10.080083540001484,-9.088131698937032,4.278416519633933,1.7953622925065582,2.48305422718841,1.2654063915405274,7.8704838633501835,-6.605077471809657,0.9919518410644531,4.278416519633933,1.2654063915405274
3203,22.892032051544547,14.315725930819163,13.567480459137562,0.909665042267444,9.48597116299283,-8.57630612078642,2.248656177946682,2.996901649628284,-0.7482454716205671,0.7841907373657226,10.108742329711674,-9.324551592345951,0.909665042267444,2.248656177946682,0.7841907373657226
3205,18.01952827864655,15.758424532395068,13.328011807122204,1.3234326301269532,3.5845363763784373,-2.261103746251484,0.837603083984375,3.2680158092572382,-2.430412725272863,0.799819878112793,5.491336349637139,-4.691516471524347,1.3234326301269532,0.837603083984375,0.799819878112793
3207,12.522903065978287,10.585932287680711,9.358329881796205,0.8202740195298139,2.757244797827388,-1.9369707782975738,0.8121752588366938,2.039777664660166,-1.227602405823472,0.6934376673983704,3.8580108515194165,-3.1645731841210463,0.8202740195298139,0.8121752588366938,0.6934376673983704
3209,10.325991803545305,9.465264957160022,7.875747022882439,0.9738088403212602,1.8345356867675782,-0.8607268464463177,0.38328124700927735,1.9727991812258254,-1.589517934216548,0.4528791745200962,2.903123955182962,-2.450244780662866,0.9738088403212602,0.38328124700927735,0.4528791745200962
3212,4.718797148030359,3.4014765610090665,2.395117401916504,0.15829409106445314,1.475614678085746,-1.317320587021293,0.09803565179443359,1.1043948108869963,-1.0063591590925627,0.058460240173339846,2.382139986287195,-2.3236797461138554,0.15829409106445314,0.09803565179443359,0.058460240173339846
3214,4.1858067582727765,2.9728502234269683,2.50732179139141,0.16404284488692938,1.3769993797327378,-1.2129565348458082,0.3945677701846852,0.8600962022202435,-0.4655284320355584,0.04568292261699602,1.7241678894983627,-1.6784849668813666,0.16404284488692938,0.3945677701846852,0.04568292261699602
3216,5.2526682194824215,4.273184918029785,3.557242311706543,0.3534768803100586,1.3329601817626953,-0.9794833014526367,0.1870832337036133,0.9030258400268555,-0.7159426063232421,0.19787526477050782,1.8933011725463866,-1.6954259077758789,0.3534768803100586,0.1870832337036133,0.19787526477050782
3218,5.332552211229512,4.3068818943201395,3.7348935828005323,0.3964233770579619,1.422093693967333,-1.0256703169093713,0.2735732542770086,0.8455615657966165,-0.5719883115196079,0.24807996717744715,1.8457385956064263,-1.5976586284289793,0.3964233770579619,0.2735732542770086,0.24807996717744715
3220,2.815905134765625,2.6242785140380858,2.277023139831543,0.26989073663330077,0.4615173572387695,-0.19162662060546876,0.11425766717529297,0.46151304150390626,-0.3472553743286133,0.1700335103149414,0.7089155052490235,-0.5388819949340821,0.26989073663330077,0.11425766717529297,0.1700335103149414
3222,8.422854219902968,6.867986209342688,6.027060909011183,0.2469815882070504,1.801849598767329,-1.5548680105602786,0.25414163764648434,1.095066937977989,-0.8409253003315046,0.13934282676642923,2.5351361376582124,-2.3957933108917837,0.2469815882070504,0.25414163764648434,0.13934282676642923
3224,3.9198492173971737,3.0196930612275965,2.4276685197318284,0.06747102615272671,0.967627182322304,-0.9001561561695772,0.08488833040819355,0.6769128719039618,-0.5920245414957682,0.043504709558584174,1.5356854072239297,-1.4921806976653456,0.06747102615272671,0.08488833040819355,0.043504709558584174
3226,4.858455349304199,3.8487898157348632,3.5842101494750978,0.3536578062133789,1.363323339782715,-1.0096655335693359,0.37974683111572266,0.6443264973754883,-0.26457966625976564,0.2951600376586914,1.569405237487793,-1.2742451998291016,0.3536578062133789,0.37974683111572266,0.2951600376586914
3228,4.843769418176031,4.335352179040289,3.4732912130979052,0.3941353397216797,0.9025525788574219,-0.5084172391357422,0.26005757788085937,1.1221185438232422,-0.8620609659423828,0.2384607891845703,1.6089389942626953,-1.370478205078125,0.3941353397216797,0.26005757788085937,0.2384607891845703
3230,1.4547136888427734,1.203719752319336,1.1056550948486328,0.19162522106933594,0.4426191575927734,-0.2509939365234375,0.2384021455078125,0.3364668029785156,-0.09806465747070313,0.10615841839599609,0.45521701239013673,-0.34905859399414063,0.19162522106933594,0.2384021455078125,0.10615841839599609
3232,5.332606332702636,4.445637548400879,3.523583253845215,0.3877121750488281,1.274680959350586,-0.8869687843017579,0.24378136248779297,1.165835657043457,-0.922054294555664,0.18800950750732423,1.997032586364746,-1.809023078857422,0.3877121750488281,0.24378136248779297,0.18800950750732423
3234,2.0534479216918946,1.5128737343788297,1.074844108215332,0.14479919263078278,0.6853733800048828,-0.540574187313065,0.0998360845336914,0.537865710697189,-0.4380296261634976,0.08274919305419921,1.0613530065307617,-0.9786038134765624,0.14479919263078278,0.0998360845336914,0.08274919305419921
3236,2.223024329223633,1.8111542630615234,1.4469432805175781,0.1789594694213867,0.590829535583496,-0.41187006616210936,0.0872305991821289,0.45144158172607424,-0.3642109825439453,0.08633137976074219,0.8624124284667969,-0.7760810487060547,0.1789594694213867,0.0872305991821289,0.08633137976074219
3238,3.7396750435003545,3.3708207733587527,2.556555241540288,0.4273356987304687,0.7961899688720703,-0.36885427014160155,0.13839868454422297,0.9526642163626876,-0.8142655317574294,0.24725613107742608,1.4303759330374926,-1.1831198019600662,0.4273356987304687,0.13839868454422297,0.24725613107742608
3240,7.600166167373956,6.740902920425714,5.764672042801203,0.5884424666748047,1.447705713623047,-0.8592632469482422,0.29782009564208983,1.2740509732666017,-0.9762308776245118,0.4237877977294922,2.2592819223022462,-1.8354941245727538,0.5884424666748047,0.29782009564208983,0.4237877977294922
3242,0.8259041051635743,0.6639627045898437,0.2798007283325195,0.09176694317626953,0.25370834375,-0.16194140057373047,0.01799351318359375,0.40215548944091795,-0.38416197625732423,0.038686306640625,0.5847896834716797,-0.5461033768310547,0.09176694317626953,0.01799351318359375,0.038686306640625
3301,24.526326368136537,20.206465079302383,14.958395037030867,0.583516873840332,4.903378162674488,-4.319861288834156,0.799284854971134,6.047354897242647,-5.248070042271514,0.23555707440185547,9.803488405507526,-9.567931331044635,0.583516873840332,0.799284854971134,0.23555707440185547
3303,9.469046536621093,7.215031226074219,6.781840086120606,0.34331747607421875,2.597332786621094,-2.254015310546875,0.636302497680664,1.0694936376342774,-0.4331911399536133,0.2489481943359375,2.9361546448364257,-2.6872064505004882,0.34331747607421875,0.636302497680664,0.2489481943359375
3305,8.597891464065611,6.115883240473968,5.611294978215236,0.43069743798828125,2.912705661579925,-2.4820082235916434,0.8105407776661592,1.3151290399248907,-0.5045882622587317,0.3216499807535807,3.308246466542921,-2.9865964858503755,0.43069743798828125,0.8105407776661592,0.3216499807535807
3310,1.7045155553021598,1.4087023960956648,1.1821059344257427,0.14027255114746093,0.43608571035395605,-0.2958131592064951,0.08272609448242188,0.3093225561523438,-0.22659646166992187,0.07463189831542968,0.5970415191918467,-0.522409620876417,0.14027255114746093,0.08272609448242188,0.07463189831542968
3312,6.447786384987505,4.841695042918007,4.250361444824219,0.30366599607675593,1.9097573381462547,-1.6060913420694987,0.3839443421630859,0.9752779402568743,-0.5913335980937884,0.23018615496826172,2.4276110951315486,-2.197424940163287,0.30366599607675593,0.3839443421630859,0.23018615496826172
3314,6.5623932905383535,5.2059599079001035,4.998427508176557,0.30203070416259764,1.6584640868008482,-1.3564333826382504,0.5015835090332031,0.7091159087567497,-0.20753239972354665,0.3236010462036133,1.8875668285654106,-1.5639657823617974,0.30203070416259764,0.5015835090332031,0.3236010462036133
3316,4.8796217734375,4.031878356872559,3.7927579872436525,0.3344093228149414,1.1821527393798827,-0.8477434165649415,0.39914298779296875,0.638263357421875,-0.23912036962890626,0.30474536755371096,1.3916091537475586,-1.0868637861938477,0.3344093228149414,0.39914298779296875,0.30474536755371096
3318,0.8754258732910156,0.8367583365478516,0.44400736474609376,0.28939407391357425,0.3280616106567383,-0.03866753674316406,0.05033306915283203,0.44308404095458986,-0.39275097180175783,0.07639475164794922,0.5078132601928711,-0.43141850854492186,0.28939407391357425,0.05033306915283203,0.07639475164794922
3320,0.39363062017822265,0.37835201263427737,0.18423257531738282,0.14109693139648438,0.1563755389404297,-0.015278607543945312,0.03684720538330078,0.23096664270019532,-0.19411943731689454,0.015277744750976563,0.22467578961181642,-0.20939804486083985,0.14109693139648438,0.03684720538330078,0.015277744750976563
3322,1.5596656654052734,1.2649777387084962,0.6630394348144532,0.18057441192626952,0.4752623386230469,-0.29468792669677735,0.07816280816650391,0.6801011120605469,-0.601938303894043,0.03144431634521484,0.9280705469360352,-0.8966262305908204,0.18057441192626952,0.07816280816650391,0.03144431634521484
3324,2.0553481275024414,1.9271630798181871,1.359148941772461,0.43685750236457377,0.5650425500488281,-0.12818504768425434,0.13564524450683593,0.703659382552562,-0.5680141380457261,0.153611783203125,0.8498109689331055,-0.6961991857299805,0.43685750236457377,0.13564524450683593,0.153611783203125
3326,0.7516560718994141,0.8549280138549805,0.5998893455200195,0.3170037529296875,0.21373181097412108,0.10327194195556641,0.07902712982177734,0.33406579815673826,-0.2550386683349609,0.12303098736572265,0.2747977137451172,-0.15176672637939453,0.3170037529296875,0.07902712982177734,0.12303098736572265
3328,1.3703590952148437,1.223081575439453,0.9599655010986328,0.2972357597045898,0.4445132794799805,-0.14727751977539064,0.20833670281982422,0.47145277716064454,-0.2631160743408203,0.1840902127685547,0.5944838068847657,-0.41039359411621096,0.2972357597045898,0.20833670281982422,0.1840902127685547
3330,1.788753148261575,1.2199490854492188,1.0502774846801757,0.2208269019165039,0.7896309647288603,-0.5688040628123564,0.2396777426147461,0.4093493433837891,-0.16967160076904297,0.21005060375976561,0.948526267341165,-0.7384756635813994,0.2208269019165039,0.2396777426147461,0.21005060375976561
3332,0.8016329663085937,0.7027503832397461,0.496088479309082,0.26958181256103514,0.3684643956298828,-0.09888258306884766,0.12582041717529296,0.33248232110595705,-0.20666190393066405,0.048531176879882815,0.35407566387939454,-0.3055444869995117,0.26958181256103514,0.12582041717529296,0.048531176879882815
3334,0.7503834891967773,0.5427872784423828,0.41877913177490234,0.07278607861328125,0.2803822893676758,-0.20759621075439452,0.057514456787109376,0.18152260345458984,-0.12400814666748047,0.02695919140625,0.358563548828125,-0.331604357421875,0.07278607861328125,0.057514456787109376,0.02695919140625
3336,0.3584693970336914,0.28030749853515624,0.15991844885253906,0.03144551934814453,0.10960741784667968,-0.07816189849853515,0.008085559814453126,0.12847460949707032,-0.12038904968261718,0.011679993225097655,0.21023094140625,-0.19855094818115235,0.03144551934814453,0.008085559814453126,0.011679993225097655
3338,0.49667403399658205,0.36016677185058593,0.1455081314086914,0.07544569836425781,0.21195296051025392,-0.1365072621459961,0.00628704345703125,0.22094568389892577,-0.21465864044189453,0.016166533325195312,0.36733243591308595,-0.3511659025878906,0.07544569836425781,0.00628704345703125,0.016166533325195312
3401,5.367383403198242,4.923615941345215,4.149515123840332,0.4077487583618164,0.8515162202148437,-0.44376746185302735,0.17102172973632812,0.9451225472412109,-0.7741008175048828,0.23132762921142577,1.449195908569336,-1.21786827935791,0.4077487583618164,0.17102172973632812,0.23132762921142577
3403,9.961655306821816,8.621088134667252,8.219795515675264,0.45257172259521483,1.7931388947497797,-1.340567172154565,0.5497259331054688,0.9510185520974551,-0.4012926189919864,0.24202775775146484,1.9838875488980163,-1.7418597911465512,0.45257172259521483,0.5497259331054688,0.24202775775146484
3405,7.442567065734863,6.286828698669433,5.3460495340576175,0.4622952219848633,1.6126366119384765,-1.1503413899536132,0.3894417006225586,1.3302208651733398,-0.9407791645507813,0.19876852130126954,2.2952860529174806,-2.096517531616211,0.4622952219848633,0.3894417006225586,0.19876852130126954
3407,9.611725288425342,9.153096464899042,6.945510825170899,0.8599011431884765,1.3185299667147767,-0.45862882352630013,0.20597703125,2.4135626709781426,-2.207585639728142,0.2500521202392578,2.9162665834937003,-2.6662144632544424,0.8599011431884765,0.20597703125,0.2500521202392578
3411,9.460536450965312,8.22887063123875,6.347997871131329,0.939856498646695,2.1715223183732575,-1.2316658197875978,0.40618969134784777,2.2870624514552693,-1.8808727601074218,0.3049686827392578,3.4175072625732423,-3.112538579833984,0.939856498646695,0.40618969134784777,0.3049686827392578
3412,2.522268489746094,2.064921322585162,1.6251227968139648,0.0906583626242245,0.5480055297851563,-0.45734716716093177,0.04859172381591797,0.48839024958711513,-0.43979852577119716,0.047691732360839845,0.9448374252929688,-0.8971456929321289,0.0906583626242245,0.04859172381591797,0.047691732360839845
3413,6.433104230652813,5.402186690612793,4.866818451599121,0.37610714202880857,1.4070246820688286,-1.03091754004002,0.4183965553588867,0.9537647943725586,-0.5353682390136719,0.26993222314453125,1.836218002198223,-1.5662857790536917,0.37610714202880857,0.4183965553588867,0.26993222314453125
3414,0.6326563197021484,0.5399582485961915,0.4994618687133789,0.12868903131103515,0.2213871024169922,-0.09269807110595703,0.13499062805175782,0.1754870079345703,-0.0404963798828125,0.13408884118652345,0.26728329217529295,-0.13319445098876953,0.12868903131103515,0.13499062805175782,0.13408884118652345
3415,1.7018596712646485,1.645167284729004,1.4786693849487305,0.29159930072021484,0.34829168725585935,-0.05669238653564453,0.14489734088134765,0.3113952406616211,-0.16649789978027343,0.1899006593017578,0.4130909456176758,-0.22319028631591797,0.29159930072021484,0.14489734088134765,0.1899006593017578
3416,1.9076853212407132,1.4555389310276405,0.8505076349422679,0.10053560888049556,0.5526819990935681,-0.4521463902130725,0.051309111328125,0.6563404074134975,-0.6050312960853725,0.0630111166381836,1.1201888029366287,-1.057177686298445,0.10053560888049556,0.051309111328125,0.0630111166381836
3417,1.2566062506103515,1.2701120288085936,0.8902440819702149,0.22143994079589843,0.20793416259765626,0.013505778198242188,0.05580869525146484,0.43567664208984375,-0.37986794683837893,0.10351631384277343,0.46987848248291014,-0.3663621686401367,0.22143994079589843,0.05580869525146484,0.10351631384277343
3418,1.6346473305664062,1.406015733642578,1.4186159151000977,0.20253406256103515,0.4311656594848633,-0.22863159692382812,0.2187336036376953,0.20613342218017577,0.012600181457519531,0.1737272556152344,0.389758671081543,-0.2160314154663086,0.20253406256103515,0.2187336036376953,0.1737272556152344
3419,1.0512688440551758,0.8910592708740235,0.7533504453125,0.1350090478515625,0.29521862103271485,-0.16020957318115234,0.09810642199707031,0.23581524755859376,-0.13770882556152345,0.11070768939208984,0.40862608813476564,-0.2979183987426758,0.1350090478515625,0.09810642199707031,0.11070768939208984
3420,7.277039933288574,6.189889183166504,5.085642672546387,0.3266854031982422,1.4138361533203125,-1.0871507501220703,0.19259221197509765,1.296838722595215,-1.1042465106201171,0.15839322491455077,2.3497904856567384,-2.1913972607421877,0.3266854031982422,0.19259221197509765,0.15839322491455077
3421,1.5880370521240235,1.6429399197998047,1.236035351257324,0.47621999926757813,0.4213171315917969,0.05490286767578125,0.14763986810302734,0.5545444366455078,-0.40690456854248047,0.22415746606445314,0.5761591669311523,-0.35200170086669924,0.47621999926757813,0.14763986810302734,0.22415746606445314
3422,1.070875418701172,1.0106010392456055,0.5696278883666992,0.21509492993164062,0.27536930938720705,-0.06027437945556641,0.0323961318359375,0.47336928271484374,-0.44097315087890626,0.05489266369628906,0.5561401940307618,-0.5012475303344727,0.21509492993164062,0.0323961318359375,0.05489266369628906
3423,0.7287888698730469,0.45166879541015625,0.2987138790893555,0.05938246783447266,0.33650254229736326,-0.2771200744628906,0.0197942392578125,0.17274915557861328,-0.15295491632080077,0.02609236376953125,0.45616735455322266,-0.4300749907836914,0.05938246783447266,0.0197942392578125,0.02609236376953125
3424,0.25014720373535154,0.23485049310302733,0.12957224890136718,0.05398888775634766,0.06928559838867188,-0.015296710632324219,0.009897867065429687,0.11517611126708985,-0.10527824420166015,0.019795772644042968,0.14037072747802734,-0.12057495483398438,0.05398888775634766,0.009897867065429687,0.019795772644042968
3425,0.08821623962402343,0.13232371228027343,0.07651389636230468,0.0630110615234375,0.0189035888671875,0.04410747265625,0.0018003331909179688,0.05761014910888672,-0.05580981591796875,0.0261046513671875,0.03780699462890625,-0.01170234326171875,0.0630110615234375,0.0018003331909179688,0.0261046513671875
3426,0.2573348680419922,0.2204451460571289,0.20964606713867187,0.04948856353759765,0.08637828552246093,-0.03688972198486328,0.03958875720214844,0.05038783612060547,-0.010799078918457031,0.0638832216796875,0.11157202258300782,-0.04768880090332031,0.04948856353759765,0.03958875720214844,0.0638832216796875
3427,1.7883894414782955,1.6049799262695312,1.2656824204211665,0.23120002935791015,0.4146095445666743,-0.18340951520876417,0.11591969745974073,0.45521720330810544,-0.3392975058483647,0.14393741705322266,0.6666444381103516,-0.5227070210571289,0.23120002935791015,0.11591969745974073,0.14393741705322266
3428,0.6611849713134765,0.6764763204345703,0.35713128143310546,0.26087420166015624,0.24558285260009766,0.015291349060058594,0.03778283135986328,0.35712787036132815,-0.3193450390014648,0.11424594055175781,0.41829963049316404,-0.30405368994140625,0.26087420166015624,0.03778283135986328,0.11424594055175781
3429,0.2508819010620117,0.3192237872314453,0.1600612703857422,0.10341124407958985,0.03506935791015625,0.0683418861694336,0.00899193359375,0.16815445043945312,-0.15916251684570312,0.021581505126953126,0.11240213580322266,-0.09082063067626953,0.10341124407958985,0.00899193359375,0.021581505126953126
3430,0.43734376690673826,0.2609693665161133,0.22137202642822265,0.02879857080078125,0.20517297119140626,-0.176374400390625,0.02969591162109375,0.06929325170898437,-0.03959734008789063,0.019798033203125,0.23666958868408203,-0.21687155548095702,0.02879857080078125,0.02969591162109375,0.019798033203125
3431,0.504146469543457,0.5814345744018554,0.30464685656738283,0.21388468572998046,0.13659658087158202,0.07728810485839843,0.021568120361328123,0.2983558381958008,-0.27678771783447265,0.1330034377441406,0.33250305072021485,-0.19949961297607421,0.21388468572998046,0.021568120361328123,0.1330034377441406
3432,0.388056990234375,1.713489862915039,0.6205924256591797,1.4853554371948243,0.15992256451416015,1.3254328726806641,0.06917614221191407,1.1620735794677735,-1.0928974372558593,0.4337590146484375,0.20122357922363282,0.23253543542480468,1.4853554371948243,0.06917614221191407,0.4337590146484375
3433,0.6842500400390625,0.965302041015625,0.6160023311767578,0.35109688970947267,0.07004488873291016,0.2810520009765625,0.05836847052001953,0.40766818035888674,-0.3492997098388672,0.18408267205810547,0.25233038092041016,-0.06824770886230469,0.35109688970947267,0.05836847052001953,0.18408267205810547
3434,0.5505951444702148,0.5209610617675782,0.4580837758178711,0.1275506255493164,0.15718470825195313,-0.02963408270263672,0.06467042169189453,0.12754770764160156,-0.06287728594970703,0.08623022674560547,0.17874159539794923,-0.09251136865234375,0.1275506255493164,0.06467042169189453,0.08623022674560547
3435,0.894115198425293,0.6092578973388671,0.5247850972900391,0.038641064025878906,0.3234983651123047,-0.28485730108642576,0.06919252813720703,0.15366532818603515,-0.08447280004882812,0.019769486938476563,0.38909958807373046,-0.3693301011352539,0.038641064025878906,0.06919252813720703,0.019769486938476563
3436,2.1656796934814455,1.6523494475708007,0.6346852407226562,0.21036148211669922,0.7236917280883789,-0.5133302459716796,0.02786883935546875,1.0455330462036132,-1.0176642068481445,0.05124068841552734,1.5822351412353515,-1.5309944528198243,0.21036148211669922,0.02786883935546875,0.05124068841552734
3437,0.8952510977172852,0.9447011690673828,0.5402154680786133,0.2858399846801758,0.23638991333007814,0.04945007135009766,0.067413845703125,0.47189954669189454,-0.4044857009887695,0.1132568491821289,0.4682924788208008,-0.35503562963867186,0.2858399846801758,0.067413845703125,0.1132568491821289
3438,0.7291905263671875,0.504410571105957,0.1762294221801758,0.08361792974853516,0.3083978850097656,-0.22477995526123046,0.014386252014160156,0.3425674009399414,-0.32818114892578126,0.01798268994140625,0.570943794128418,-0.5529611041870117,0.08361792974853516,0.014386252014160156,0.01798268994140625
3439,1.6096597173461915,1.347072119506836,0.8425932783203125,0.24279433135986328,0.5053819291992188,-0.2625875978393555,0.04406308374023438,0.5485419249267578,-0.5044788411865234,0.10161380395507813,0.868680242980957,-0.7670664390258789,0.24279433135986328,0.04406308374023438,0.10161380395507813
3440,1.3796479510498048,1.1242322767944335,0.3957259768676758,0.1987684239501953,0.45418409820556643,-0.2554156742553711,0.02608255889892578,0.7545888588256836,-0.7285062999267579,0.02967992138671875,1.0136018955688477,-0.9839219741821289,0.1987684239501953,0.02608255889892578,0.02967992138671875
3441,2.083544605957031,1.390221531616211,0.6492641454467774,0.20952028045654297,0.9028433547973633,-0.6933230743408203,0.06834427172851562,0.8093016578979492,-0.7409573861694336,0.07104164562988281,1.5053221061401367,-1.434280460510254,0.20952028045654297,0.06834427172851562,0.07104164562988281
3442,3.8079997247766832,3.2582966975708008,2.6285919262695314,0.4974660894165039,1.0471691166223862,-0.5497030272058824,0.33824458270263674,0.9679493540039062,-0.6297047713012696,0.27437146923828126,1.453779267745433,-1.1794077985071518,0.4974660894165039,0.33824458270263674,0.27437146923828126
3443,4.718577945922852,4.184297648620605,2.7739433516845704,0.48301089147949217,1.0172911887817382,-0.5342802973022461,0.12322615032958985,1.533580447265625,-1.4103542969360352,0.07735400177001953,2.021988596008301,-1.9446345942382812,0.48301089147949217,0.12322615032958985,0.07735400177001953
3446,3.992815726888739,3.209940168334961,2.655904602294922,0.5387449083251953,1.3216204668789735,-0.782875558553778,0.3309759854736328,0.8850115515136718,-0.5540355660400391,0.23743765826416016,1.5743487828579774,-1.3369111245938172,0.5387449083251953,0.3309759854736328,0.23743765826416016
3447,1.1465900343017579,0.8983838471679687,0.6636716998901367,0.11061021704101562,0.3588164041748047,-0.24820618713378906,0.059352785034179685,0.2940649323120117,-0.23471214727783205,0.061150390258789065,0.5440687246704101,-0.4829183344116211,0.11061021704101562,0.059352785034179685,0.061150390258789065
3448,2.2262696575927734,1.860316542602539,1.5024616714477539,0.13217114599609375,0.4981242609863281,-0.36595311499023436,0.0989052855834961,0.45676015673828124,-0.35785487115478515,0.06024174835205078,0.7840497344970703,-0.7238079861450195,0.13217114599609375,0.0989052855834961,0.06024174835205078
3449,0.5464900015869141,0.3343606383666992,0.21751551342773437,0.09976746087646485,0.3118968240966797,-0.21212936322021483,0.057525701232910155,0.174370826171875,-0.11684512493896484,0.02606662744140625,0.35504111560058593,-0.3289744881591797,0.09976746087646485,0.057525701232910155,0.02606662744140625
3450,0.18157194708251953,0.06471868359375,0.05213420849609375,0.011685190795898437,0.12853845428466798,-0.11685326348876954,0.02157267498779297,0.03415715008544922,-0.01258447509765625,0.0017977166748046876,0.13123545526123048,-0.1294377385864258,0.011685190795898437,0.02157267498779297,0.0017977166748046876
3451,1.7298235927124024,1.2239056574707032,0.20578547607421874,0.22554874700927735,0.7314666822509766,-0.5059179352416993,0.0296540087890625,1.0477741901855468,-1.0181201813964844,0.023363734741210937,1.5474018513793946,-1.5240381166381836,0.22554874700927735,0.0296540087890625,0.023363734741210937
3452,0.3162475042114258,0.23449223822021484,0.11949236907958985,0.05031282458496094,0.1320680905761719,-0.08175526599121094,0.014375487976074219,0.12937535711669923,-0.114999869140625,0.014375932434082032,0.21113106756591796,-0.19675513513183593,0.05031282458496094,0.014375487976074219,0.014375932434082032
3453,0.5534557189941406,0.6289025993041992,0.24078447692871094,0.2910796608276367,0.21563278051757812,0.0754468803100586,0.023358578491210938,0.41147670086669924,-0.38811812237548826,0.058396708068847655,0.37106795013427735,-0.3126712420654297,0.2910796608276367,0.023358578491210938,0.058396708068847655
3454,0.3053817939453125,0.28920054510498044,0.11766389599609375,0.09878716516113281,0.11496841400146485,-0.016181248840332032,0.008084263366699219,0.17962091247558593,-0.17153664910888672,0.018863451110839844,0.2065813490600586,-0.18771789794921875,0.09878716516113281,0.008084263366699219,0.018863451110839844
3901,7.675233369633933,6.025117663905484,5.600196086659151,0.14297962048339843,1.7930953262728822,-1.6501157057894835,0.37768670874023436,0.8026082859255323,-0.424921577185298,0.09801807208251953,2.173055355057301,-2.075037282974782,0.14297962048339843,0.37768670874023436,0.09801807208251953
3903,6.582923332604023,5.018100422067919,4.721280579099169,0.54307164453125,2.107894555067354,-1.564822910536104,0.6337779692871093,0.9305978122558594,-0.29681984296874997,0.4954192982177734,2.3570620517226275,-1.861642753504854,0.54307164453125,0.6337779692871093,0.4954192982177734
3905,16.124160227473958,10.463920676777201,12.145056849962899,0.4244197336425781,6.084659284339336,-5.660239550696758,2.915044184237611,1.2339080109908758,1.6811361732467351,0.5079020014267865,4.487005378876809,-3.979103377450022,0.4244197336425781,2.915044184237611,0.5079020014267865
3907,16.402804733764647,12.45317116204834,12.685105490600586,1.3540281336669922,5.303661705322265,-3.9496335716552733,2.43110001550293,2.199165687011719,0.23193432849121093,1.1984776834716797,4.9161769266357425,-3.7176992431640623,1.3540281336669922,2.43110001550293,1.1984776834716797
3909,13.91257248673311,10.902953726479204,10.051868344482422,0.6139718302001953,3.6235905903930665,-3.009618760192871,1.2234554760742187,2.0745408581320373,-0.8510853820578183,0.4692478384399414,4.32995198069063,-3.860704142250689,0.6139718302001953,1.2234554760742187,0.4692478384399414
3911,8.879707022766114,6.61100620916748,5.952786951477051,0.1825398363647461,2.451240649963379,-2.268700813598633,0.6186564979858399,1.2768757556762695,-0.6582192576904297,0.08542529052734375,3.0123453618164064,-2.9269200712890626,0.1825398363647461,0.6186564979858399,0.08542529052734375
4001,9.94007783420434,8.76974537170841,8.891025622153368,0.8201970949209176,1.9905295574168487,-1.170332462495931,1.2014927285943722,1.080212478149414,0.12128025044495824,0.8174704256271064,1.866522637678079,-1.0490522120509727,0.8201970949209176,1.2014927285943722,0.8174704256271064
4003,16.07828305648792,14.339925203748516,13.822553089915077,0.9601597015416762,2.6985175542810778,-1.7383578527394015,1.1607371109231388,1.6781092248176126,-0.5173721138944738,0.9020653828993854,3.1577953495332607,-2.255729966633875,0.9601597015416762,1.1607371109231388,0.9020653828993854
4005,3.9062151095581052,3.0662270411987307,2.1947868963623045,0.407871184753418,1.247859253112793,-0.839988068359375,0.15542190075683593,1.0268620455932618,-0.8714401448364257,0.26592802868652343,1.9773562418823243,-1.7114282131958007,0.407871184753418,0.15542190075683593,0.26592802868652343
4010,0.5230543297729492,0.39903071954345704,0.3082605313720703,0.062011385192871096,0.1860349954223633,-0.12402361022949218,0.02156921435546875,0.11233940252685547,-0.09077018817138671,0.026062705627441406,0.24085650402832032,-0.2147937984008789,0.062011385192871096,0.02156921435546875,0.026062705627441406
4012,4.170692088684082,3.3475258033447264,3.041113448425293,0.366652344543457,1.1898186298828124,-0.8231662853393554,0.5023612743530274,0.808773629272461,-0.3064123549194336,0.21208856909179688,1.341667209350586,-1.129578640258789,0.366652344543457,0.5023612743530274,0.21208856909179688
4014,2.663753113586426,2.172331430847168,1.9414421904907226,0.2093255860595703,0.7007472687988281,-0.4914216827392578,0.24526076611328124,0.47615000646972655,-0.2308892403564453,0.0952266205444336,0.8175375436401368,-0.7223109230957031,0.2093255860595703,0.24526076611328124,0.0952266205444336
4016,0.9664070252075195,0.7364732337036133,0.3951949165649414,0.13471024951171875,0.364644041015625,-0.22993379150390625,0.06916270434570312,0.410441021484375,-0.34127831713867185,0.04670591607666016,0.6179180247192383,-0.5712121086425781,0.13471024951171875,0.06916270434570312,0.04670591607666016
4018,1.8100835153198243,1.5343050417480468,1.372613039428711,0.11857998181152343,0.3943584553833008,-0.2757784735717773,0.09791825500488281,0.2596102573242188,-0.16169200231933595,0.08713885345458984,0.5246093293457031,-0.43747047589111326,0.11857998181152343,0.09791825500488281,0.08713885345458984
4020,3.7302963827064666,2.8025668259887695,2.444144496459961,0.2560011370849609,1.1837306938026577,-0.9277295567176969,0.3610849462890625,0.7195072758178711,-0.3584223295288086,0.2047954370727539,1.4909473233192594,-1.2861518862465053,0.2560011370849609,0.3610849462890625,0.2047954370727539
4022,0.8924634395141602,0.6033577855224609,0.35914115325927737,0.06195289752197266,0.3510585515136719,-0.28910565399169924,0.025140004028320312,0.2693566362915039,-0.2442166322631836,0.01616104431152344,0.5494833305664063,-0.5333222862548828,0.06195289752197266,0.025140004028320312,0.01616104431152344
4024,0.3385922757568359,0.2047696125488281,0.13292584893798828,0.03053379229736328,0.1643564555053711,-0.1338226632080078,0.012574119201660156,0.0844178828125,-0.07184376361083984,0.0098789423828125,0.21554536920166015,-0.20566642681884767,0.03053379229736328,0.012574119201660156,0.0098789423828125
4026,1.5202575679321289,1.1080743659667969,0.7488894817504883,0.13380087854003905,0.5459840805053711,-0.41218320196533204,0.08800513256835937,0.44719001678466797,-0.3591848842163086,0.06645298181152344,0.837821067993164,-0.7713680861816407,0.13380087854003905,0.08800513256835937,0.06645298181152344
4028,0.499126182800293,0.5170798598632812,0.32138062786865235,0.15979100268554688,0.1418373256225586,0.017953677062988282,0.028726538024902343,0.22442577001953126,-0.1956992319946289,0.0511692705078125,0.22891482543945313,-0.17774555493164063,0.15979100268554688,0.028726538024902343,0.0511692705078125
4030,0.521569118774414,0.6939272937622071,0.27110173724365233,0.3177876672363281,0.14542949224853516,0.17235817498779296,0.017953977172851562,0.44077953369140627,-0.4228255565185547,0.09246074285888672,0.3429281243896484,-0.2504673815307617,0.3177876672363281,0.017953977172851562,0.09246074285888672
4032,0.4307037958984375,0.38134994006347656,0.23957792242431641,0.03948012951660156,0.0888339853515625,-0.049353855834960936,0.013459694580078126,0.1552317122192383,-0.14177201763916017,0.015254007629394531,0.20637988110351563,-0.1911258734741211,0.03948012951660156,0.013459694580078126,0.015254007629394531
4034,0.5958162357177734,0.519534317565918,0.3669977258911133,0.07895902490234374,0.15524094305419922,-0.07628191815185546,0.029610791625976563,0.18214738330078126,-0.15253659167480468,0.04127597607421875,0.2700944859008789,-0.22881850982666016,0.07895902490234374,0.029610791625976563,0.04127597607421875
4036,1.651062176574707,1.0166105037231445,0.5796245521240234,0.20995488146972657,0.8444065543212891,-0.6344516728515625,0.07267510833740234,0.5096610599365234,-0.43698595159912107,0.063683916015625,1.1351215404663086,-1.0714376244506836,0.20995488146972657,0.07267510833740234,0.063683916015625
4201,1.5395658050537109,1.5234149837036133,1.1614327622070313,0.3718778715820312,0.3880286929321289,-0.016150821350097655,0.13743125341796875,0.4994134749145508,-0.36198222149658205,0.2640862028808594,0.6422192457275391,-0.3781330428466797,0.3718778715820312,0.13743125341796875,0.2640862028808594
4202,5.573139523545688,6.034500992782054,4.61628260643143,1.0582838814067765,0.5969224121704102,0.46136146923636645,0.34289820391845705,1.7611165902690813,-1.4182183863506244,0.4963957682495117,1.4532526853637695,-0.9568569171142578,1.0582838814067765,0.34289820391845705,0.4963957682495117
4203,8.740454713644828,8.951389486655083,7.2677899038696285,2.0227705289916993,1.8118357559814453,0.2109347730102539,1.0549487960205077,2.738548378805961,-1.6835995828464883,1.3323423728637696,2.8050071826389686,-1.4726648097751993,2.0227705289916993,1.0549487960205077,1.3323423728637696
4204,21.487295060913087,23.766591535705565,18.986792932189942,3.8130414818115232,1.5337450070800782,2.2792964747314453,0.8198329589233398,5.59963156237793,-4.77979860345459,1.8890540460205079,4.389556174743652,-2.5005021287231446,3.8130414818115232,0.8198329589233398,1.8890540460205079
4205,4.935034409362793,5.466594398925781,3.7071058453979493,1.1652398116455078,0.6336798220825195,0.5315599895629883,0.19987302917480468,1.9593615827026367,-1.759488553527832,0.46429896044921876,1.6922275244140625,-1.2279285639648438,1.1652398116455078,0.19987302917480468,0.46429896044921876
4206,1.9002197675170898,2.4697403406982423,1.6449991370239259,0.7781720885009765,0.20865151531982423,0.5695205731811523,0.088649740234375,0.9133909439086914,-0.8247412036743164,0.37699919744873045,0.6322198279418946,-0.25522063049316407,0.7781720885009765,0.088649740234375,0.37699919744873045
4207,1.6181509906616212,1.741732971862793,1.1516084218139648,0.31253044732666013,0.18894846612548827,0.12358198120117188,0.06805661883544922,0.6581811688842774,-0.5901245500488281,0.1191053349609375,0.5856479038085938,-0.46654256884765627,0.31253044732666013,0.06805661883544922,0.1191053349609375
4211,0.5523499759521484,0.2972823375244141,0.2514790012817383,0.020656508544921875,0.27572414697265624,-0.2550676384277344,0.06017496643066406,0.10597830267333984,-0.04580333624267578,0.020657312744140625,0.3215282874145508,-0.30087097467041013,0.020656508544921875,0.06017496643066406,0.020657312744140625
4212,0.7372080090332032,0.5010481689453125,0.3753376495361328,0.028732480773925782,0.2648923208618164,-0.23615984008789062,0.01616281396484375,0.14187333337402344,-0.12571051940917968,0.01885607684326172,0.38072643634033204,-0.3618703594970703,0.028732480773925782,0.01616281396484375,0.01885607684326172
4213,1.2096194647216796,1.0416934341430664,0.7902376317138672,0.0987834306640625,0.2667094612426758,-0.16792603057861327,0.06645034564208985,0.3179061480712891,-0.25145580242919924,0.058369657348632815,0.4777514903564453,-0.4193818330078125,0.0987834306640625,0.06645034564208985,0.058369657348632815
4214,1.1692836832167683,1.1674952515151082,0.7989392401733398,0.18312291900634767,0.18491135070800782,-0.0017884317016601562,0.030521794860839845,0.39907780620260797,-0.36855601134176813,0.05924721850585937,0.4295916615492877,-0.3703444430434283,0.18312291900634767,0.030521794860839845,0.05924721850585937
4215,2.6436825657348635,2.7926392160644533,2.265886260253906,0.44957850994873044,0.3006218596191406,0.14895665032958985,0.16062537927246093,0.6873783350830078,-0.5267529558105469,0.21715978912353515,0.5949560946044922,-0.37779630548095705,0.44957850994873044,0.16062537927246093,0.21715978912353515
4216,1.3539826182861328,1.1305631443481445,1.0399384771118163,0.09600795660400391,0.3194274305419922,-0.22341947393798828,0.18214733074951173,0.27277199798583984,-0.09062466723632813,0.07088552740478515,0.38492966857910155,-0.3140441411743164,0.09600795660400391,0.18214733074951173,0.07088552740478515
4217,0.461372857421875,0.35096196978759764,0.30608608325195313,0.045773368713378906,0.15618425634765626,-0.11041088763427734,0.0646270669555664,0.10950295349121093,-0.04487588653564453,0.03141637091064453,0.1867031450805664,-0.15528677416992187,0.045773368713378906,0.0646270669555664,0.03141637091064453
4218,0.2116926664428711,0.1704320650024414,0.07534863403320312,0.031395801696777345,0.07265640313720703,-0.04126060144042969,0.008970082641601563,0.10405351361083984,-0.09508343096923828,0.007176654541015625,0.1435206869506836,-0.13634403240966797,0.031395801696777345,0.008970082641601563,0.007176654541015625
4219,1.4045070662841797,1.476245921020508,0.9417086397094726,0.34887556982421875,0.2771367150878906,0.07173885473632813,0.026008708618164064,0.5605459899291992,-0.5345372813110352,0.1874405982055664,0.6502390247802734,-0.46279842657470704,0.34887556982421875,0.026008708618164064,0.1874405982055664
4220,0.37939082635498045,0.2116707738647461,0.28521592053222655,0.038566603271484375,0.20628665576171876,-0.16772005249023436,0.14529720587158204,0.07175205920410156,0.07354514666748047,0.018835093505859376,0.11300999932861328,-0.09417490582275391,0.038566603271484375,0.14529720587158204,0.018835093505859376
4221,0.4582161178588867,0.3631622194824219,0.22776773132324218,0.09145864270019531,0.18651254107666015,-0.09505389837646484,0.03766211248779297,0.17305660064697265,-0.13539448815917968,0.034972061157226564,0.2654204476928711,-0.23044838653564453,0.09145864270019531,0.03766211248779297,0.034972061157226564
4222,0.20352578997802734,0.6007305490722656,0.32188197045898437,0.45099956060791013,0.05379480151367187,0.3972047590942383,0.03676113067626953,0.3156097092895508,-0.2788485786132813,0.20622169592285156,0.08786551544189453,0.11835618048095703,0.45099956060791013,0.03676113067626953,0.20622169592285156
4223,3.3877844068603515,3.055017036254883,1.7804419598388672,0.3578834963989258,0.6906508670043945,-0.33276737060546874,0.06816785046386718,1.3427429268798827,-1.2745750764160155,0.10853210559082031,1.7158745526123047,-1.6073424470214843,0.3578834963989258,0.06816785046386718,0.10853210559082031
4224,0.30121542309570315,0.30749453857421877,0.11564455035400391,0.0941333657836914,0.08785425030517578,0.006279115478515625,0.009861150756835937,0.20171113897705079,-0.19184998822021485,0.02330969708251953,0.20888056982421874,-0.18557087274169923,0.0941333657836914,0.009861150756835937,0.02330969708251953
4225,2.979179156982422,2.875256322570801,1.9013185171508789,0.40590550378417967,0.5098283381958008,-0.10392283441162109,0.08780898010253907,1.061746785522461,-0.9739378054199219,0.16488066687011718,1.2427413067016602,-1.077860639831543,0.40590550378417967,0.08780898010253907,0.16488066687011718
4226,0.30739205090332034,0.41045205700683596,0.2374893370361328,0.16131195794677736,0.05825195184326172,0.10306000610351562,0.017923510925292967,0.1908862308959961,-0.17296271997070312,0.07259014202880859,0.14249285589599608,-0.0699027138671875,0.16131195794677736,0.017923510925292967,0.07259014202880859
4227,1.1950478051757814,1.2676138909301757,0.8940423557739258,0.3278864274902344,0.25532034173583984,0.07256608575439454,0.06539538287353516,0.43896691802978516,-0.37357153515625,0.2329233585205078,0.5339288079223633,-0.3010054494018555,0.3278864274902344,0.06539538287353516,0.2329233585205078
4228,0.666433446472168,0.6601851861572265,0.36993253503417967,0.2678657635498047,0.2741140238647461,-0.0062482603149414066,0.039414611267089845,0.3296672623901367,-0.2902526511230469,0.08599809790039062,0.3824990093383789,-0.2965009114379883,0.2678657635498047,0.039414611267089845,0.08599809790039062
4601,42.56669692851132,39.069257057722744,29.039548079271025,4.1593590390014645,7.656798909790039,-3.497439870788574,1.979453788635254,12.009162767025936,-10.029708978451717,1.6655274708251953,15.192676320126523,-13.527148849301327,4.1593590390014645,1.979453788635254,1.6655274708251953
4602,3.4785481791992185,3.282683598754883,2.250989428833008,0.5896438051147461,0.7855083854980469,-0.19586458044433594,0.431218477722168,1.462912647644043,-1.03169416998291,0.10111032989501953,1.3286690802612304,-1.2275587503662109,0.5896438051147461,0.431218477722168,0.10111032989501953
4611,1.1035621452026367,1.0650813834228516,0.7052704353637695,0.21749331005859374,0.2174918505859375,1.45947265625E-6,0.07697231591796876,0.4609469822998047,-0.3839746663818359,0.11187691320800781,0.510168623046875,-0.3982917098388672,0.21749331005859374,0.07697231591796876,0.11187691320800781
4612,1.408449783569336,0.6045131221313477,0.9684514091796875,0.1904840615234375,0.9944207229614258,-0.8039366614379883,0.6787340433349609,0.3147957562866211,0.36393828704833986,0.1216148237915039,0.5616131981811523,-0.43999837438964845,0.1904840615234375,0.6787340433349609,0.1216148237915039
4613,3.2305339176635743,2.9399866411743165,2.399889217956543,0.6920901956176758,0.9826374721679687,-0.29054727655029294,0.44884294525146484,0.9889403684082031,-0.5400974231567383,0.4783713834838867,1.309016083190918,-0.8306446997070313,0.6920901956176758,0.44884294525146484,0.4783713834838867
4614,4.608329101623535,5.373062969970703,3.740673594543457,1.2647418694458008,0.5000080010986329,0.7647338683471679,0.2209318698120117,1.8533212452392578,-1.632389375427246,0.5259296915283204,1.3935851986083985,-0.8676555070800781,1.2647418694458008,0.2209318698120117,0.5259296915283204
4615,0.9381284226074219,0.575042220703125,0.3362621434326172,0.11625933923339844,0.4793455411376953,-0.36308620190429686,0.0599183681640625,0.2986984454345703,-0.23878007727050782,0.07154480474853515,0.6734110839233398,-0.6018662791748047,0.11625933923339844,0.0599183681640625,0.07154480474853515
4616,0.5689948087768555,0.29255772814941405,0.266602236328125,0.07068092126464844,0.34711800189208986,-0.27643708062744143,0.15477042333984375,0.18072591516113282,-0.025955491821289062,0.0035784755859375,0.30597104803466796,-0.30239257244873047,0.07068092126464844,0.15477042333984375,0.0035784755859375
4617,3.0731298015136717,3.4776034907836912,2.1200454876098633,1.0568971265258789,0.5870931892700195,0.4698039372558594,0.16019502087402343,1.5481803704223633,-1.3879853495483399,0.4617711088256836,1.4148554227294923,-0.9530843139038085,1.0568971265258789,0.16019502087402343,0.4617711088256836
4618,1.0347722799072265,1.910996432006836,1.3009169730834962,1.0688183181152344,0.192594166015625,0.8762241520996094,0.13977615942382812,0.749855618347168,-0.6100794589233398,0.6325254098510742,0.3663807166748047,0.26614469317626954,1.0688183181152344,0.13977615942382812,0.6325254098510742
4619,0.14703450036621094,0.4850865928955078,0.23581383923339844,0.3479143243408203,0.009862231811523438,0.33805209252929685,0.017934598693847656,0.26720735235595705,-0.24927275366210938,0.1255381064453125,0.036758767578125,0.0887793388671875,0.3479143243408203,0.017934598693847656,0.1255381064453125
4620,0.05468125341796875,0.07888435095214844,0.059163291870117186,0.025995990966796875,0.0017928934326171876,0.024203097534179686,8.964097900390625E-4,0.02061746887207031,-0.01972105908203125,0.010756981994628906,0.006274943542480468,0.0044820384521484374,0.025995990966796875,8.964097900390625E-4,0.010756981994628906
4621,2.102795410217285,2.249725606689453,2.2398408298950194,0.6334371578979492,0.48650696142578126,0.14693019647216796,0.4784222209472656,0.4883069977416992,-0.009884776794433593,0.6325263884887695,0.49548096881103515,0.13704541967773437,0.6334371578979492,0.4784222209472656,0.6325263884887695
4622,2.256678369873047,1.7390999946289063,1.1731645245361328,0.2077561275024414,0.7253345027465821,-0.5175783752441406,0.1298559828491211,0.6957914529418945,-0.5659354700927735,0.08507822760009766,1.1685920729370116,-1.083513845336914,0.2077561275024414,0.1298559828491211,0.08507822760009766
4623,0.19064326867675782,0.32400398022460936,0.14231138391113282,0.18169261920166016,0.04833190765380859,0.13336071154785156,0.006265107360839844,0.1879577036743164,-0.18169259631347656,0.072498564453125,0.12083044921875,-0.048331884765625,0.18169261920166016,0.006265107360839844,0.072498564453125
4624,5.347312058672497,5.0059686141393325,3.1933591945836683,0.7327490724487304,1.0740925169818953,-0.34134344453316484,0.32830129217529297,2.140910711730957,-1.8126094195556641,0.2415440862426758,2.3954969503315047,-2.153952864088829,0.7327490724487304,0.32830129217529297,0.2415440862426758
4625,1.4629378629150391,1.0998875875854492,1.2134568427734376,0.2530609613647461,0.616111236694336,-0.36305027532958983,0.380936088684082,0.26736683349609375,0.11356925518798829,0.2530635026245117,0.5025445227661133,-0.24948102014160156,0.2530609613647461,0.380936088684082,0.2530635026245117
4626,11.32242733178711,11.921423269592285,8.423699940124513,2.2745918818359376,1.6755959440307617,0.5989959378051758,0.7787796874389649,4.276503016967774,-3.4977233295288084,0.9602889857788086,3.8590163775024413,-2.8987273917236327,2.2745918818359376,0.7787796874389649,0.9602889857788086
4627,8.010449855224609,7.61422308782959,5.500970089416504,0.920237942565918,1.3164647099609375,-0.39622676739501955,0.46952611541748046,2.5827791138305662,-2.113252998413086,0.30853502478027345,2.818014790588379,-2.5094797658081056,0.920237942565918,0.46952611541748046,0.30853502478027345
4628,0.5164781381835938,0.3303036880493164,0.3822105737915039,0.047443421875,0.23361787200927733,-0.18617445013427733,0.1244153529663086,0.07250846722412109,0.0519068857421875,0.04117500909423828,0.17544257348632813,-0.13426756439208984,0.047443421875,0.1244153529663086,0.04117500909423828
4629,0.05550862561035156,0.10653892614746094,0.0662515189819336,0.053716320739746096,0.002686020202636719,0.05103030053710938,0.0071621689453125,0.047449576110839845,-0.040287407165527346,0.015219547973632813,0.004476654602050782,0.01074289337158203,0.053716320739746096,0.0071621689453125,0.015219547973632813
4630,1.3313712409667968,1.2866356884155274,0.7963078923950195,0.20937228063964844,0.25410783319091795,-0.04473555255126953,0.04026418438720703,0.5305919804077148,-0.4903277960205078,0.0375795146484375,0.5726428632202148,-0.5350633485717774,0.20937228063964844,0.04026418438720703,0.0375795146484375
4631,6.2106792946064076,6.748936985701258,4.230856995423321,1.650448228645594,1.112190537550743,0.538257691094851,0.45437327685546874,2.9724532671334063,-2.5180799902779376,0.6649837088491403,2.6448060080322264,-1.9798222991830863,1.650448228645594,0.45437327685546874,0.6649837088491403
4632,0.9809206362304688,1.1266749514160157,0.5552879323120117,0.22891399267578125,0.08315967749023437,0.14575431518554688,0.013412164306640625,0.5847991834106445,-0.5713870191040039,0.032190163513183594,0.45782286743164063,-0.42563270391845703,0.22891399267578125,0.013412164306640625,0.032190163513183594
4633,0.25117850634765626,0.24670888458251952,0.05184433819580078,0.025028298889160156,0.029497920654296874,-0.004469621765136719,0.0,0.19486454638671874,-0.19486454638671874,0.0,0.19933416815185548,-0.19933416815185548,0.025028298889160156,0.0,0.0
4634,0.23858629406403187,0.2746769799194336,0.14136821966552734,0.10199882946777344,0.0659081436123717,0.03609068585540173,0.012527467956542969,0.14583622821044923,-0.13330876025390626,0.038475655517578124,0.13569372991608264,-0.09721807439850451,0.10199882946777344,0.012527467956542969,0.038475655517578124
4635,0.36671322064208983,0.5607614328613282,0.25400224798583987,0.2647119561157227,0.07066374389648437,0.1940482122192383,0.034882347717285156,0.3416415325927734,-0.30675918487548826,0.09480240112304687,0.20751337377929688,-0.11271097265625,0.2647119561157227,0.034882347717285156,0.09480240112304687
4636,0.04917722076416016,0.11087343896484375,0.04739006579589844,0.0706375771484375,0.008941358947753907,0.06169621820068359,0.005364916137695313,0.06884828930664062,-0.06348337316894531,0.024142121643066405,0.025929276611328125,-0.0017871549682617188,0.0706375771484375,0.005364916137695313,0.024142121643066405
4637,0.09394931677246093,0.17357898504638672,0.04742207037353516,0.09573644061279298,0.016106772338867186,0.07962966827392579,0.0026843795776367186,0.1288412942504883,-0.12615691467285156,0.020579326782226563,0.06710657318115235,-0.04652724639892578,0.09573644061279298,0.0026843795776367186,0.020579326782226563
4638,0.6850967232666015,0.6886780060424804,0.29642387353515626,0.1397017277832031,0.13612044500732423,0.003581282775878906,0.021491762145996095,0.4137458946533203,-0.3922541325073242,0.03492393829345703,0.42359678802490236,-0.38867284973144534,0.1397017277832031,0.021491762145996095,0.03492393829345703
4639,0.6157037841796875,0.4830635275268555,0.5251777152709961,0.0663193740234375,0.19895963067626954,-0.13264025665283202,0.17027894146728514,0.12816475372314454,0.04211418774414063,0.04122594848632812,0.13175201739501954,-0.0905260689086914,0.0663193740234375,0.17027894146728514,0.04122594848632812
4640,2.3322236840820314,2.250662518432617,1.2723933168945312,0.3918334458618164,0.47339461151123047,-0.08156116564941407,0.10042182745361328,1.078691028991699,-0.9782692015380859,0.10760145288085937,1.1674318200683593,-1.0598303671875,0.3918334458618164,0.10042182745361328,0.10760145288085937
4641,0.1112006427001953,0.2322596626586914,0.11299249291992187,0.13809857330322264,0.017039553344726562,0.12105901995849609,0.01165778271484375,0.13092495245361327,-0.11926716973876954,0.05918613354492187,0.05739428332519531,0.0017918502197265625,0.13809857330322264,0.01165778271484375,0.05918613354492187
4642,0.6558038845825195,0.776025966430664,0.595697789428711,0.16328530895996093,0.043063227111816406,0.12022208184814454,0.006280028625488281,0.1866082056274414,-0.18032817700195314,0.07984731292724609,0.1399534080810547,-0.060106095153808596,0.16328530895996093,0.006280028625488281,0.07984731292724609
4643,0.7242230227661133,0.8929307246704101,0.5178174635009766,0.2692190947265625,0.10051139282226562,0.16870770190429688,0.01794879718017578,0.3930620583496094,-0.3751132611694336,0.09153365728759766,0.29793921655273436,-0.2064055592651367,0.2692190947265625,0.01794879718017578,0.09153365728759766
4644,0.6332629254760742,0.9185272002563477,0.5579280682983399,0.35074067254638674,0.06547639776611328,0.28526427478027344,0.04574492608642578,0.4063440580444336,-0.3605991319580078,0.14621337249755859,0.22154822967529297,-0.07533485717773437,0.35074067254638674,0.04574492608642578,0.14621337249755859
4645,0.31128888122558596,0.41238678662109374,0.0760417392578125,0.1637112919921875,0.06261338653564454,0.10109790539550781,0.0017886205444335938,0.3381336679077148,-0.33634504736328125,0.009841009887695313,0.24508815185546876,-0.23524714196777344,0.1637112919921875,0.0017886205444335938,0.009841009887695313
4646,0.45999797723388675,0.43582403302001954,0.1449807719116211,0.09127431231689453,0.11544825653076173,-0.024173944213867187,0.01431834375,0.30516204516601564,-0.2908437014160156,0.009844006225585938,0.3212813557128906,-0.31143734948730467,0.09127431231689453,0.01431834375,0.009844006225585938
4647,4.005899178527832,2.6536574653930662,3.267943743652344,0.4549619825439453,0.8445428895874023,-0.38958090710449217,0.5695791642456055,0.765713119140625,-0.19613395489501953,0.44061551727294923,1.1776752982177734,-0.7370597809448243,0.4549619825439453,0.5695791642456055,0.44061551727294923
4648,0.42772133892822267,0.4590418953857422,0.17540459210205078,0.11812020178222657,0.08679964532470703,0.03132055645751953,0.012528855224609375,0.2961661585083008,-0.2836373032836914,0.024163307006835937,0.27648005383300783,-0.2523167468261719,0.11812020178222657,0.012528855224609375,0.024163307006835937
4649,1.6971273721923827,1.8960780014038086,1.5316067236938478,0.5239982861328125,0.2337033384399414,0.2902949476928711,0.16836580419921876,0.556114208190918,-0.38774840399169924,0.3565127548828125,0.5220334033813476,-0.16552064849853515,0.5239982861328125,0.16836580419921876,0.3565127548828125
4650,1.4104210795288086,0.428332716796875,1.2903229829101563,0.07077966510009766,0.10305869873046875,-0.032279033630371094,0.07347891186523438,0.10214990832519531,-0.028670996459960938,0.17024294897460937,0.29034104559326174,-0.12009809661865234,0.07077966510009766,0.07347891186523438,0.17024294897460937
4651,1.4004596779174805,1.490943861328125,1.4640968833618164,0.5307289420166016,0.28779447052001955,0.24293447149658204,0.37924651953125,0.5217734934692383,-0.14252697393798827,0.46709627551269534,0.40345907006835935,0.06363720544433593,0.5307289420166016,0.37924651953125,0.46709627551269534
5001,22.955878997924806,26.53974002722168,29.642307075683593,6.579374428771973,2.9955133994750978,3.583861029296875,5.983851021362304,2.881283972961426,3.102567048400879,8.351506693115235,1.6650786154174804,6.686428077758789,6.579374428771973,5.983851021362304,8.351506693115235
5006,3.394130966369629,2.4373487568359375,2.809091435852051,0.29791362774658203,1.2546958372192383,-0.9567822094726562,0.8568569436645508,0.48511426470947266,0.3717426789550781,0.43472169738769534,1.0197612279052735,-0.5850395305175782,0.29791362774658203,0.8568569436645508,0.43472169738769534
5007,2.666062077819824,3.10349813293457,2.8667793587036132,0.7146629165649414,0.2772268614501953,0.4374360551147461,0.3690345821533203,0.6057533563842773,-0.23671877423095702,0.5508506024780273,0.35013332153320315,0.20071728088378907,0.7146629165649414,0.3690345821533203,0.5508506024780273
5014,1.0208430541992188,1.061278891418457,0.6973631602172852,0.2767760387573242,0.23634020153808594,0.04043583721923828,0.20489664697265625,0.5688123781738281,-0.3639157312011719,0.16355879382324218,0.4870386877441406,-0.3234798939819336,0.2767760387573242,0.20489664697265625,0.16355879382324218
5020,0.1601413137817383,0.14754583660888673,0.09986388201904296,0.035986760314941406,0.048582237487792966,-0.012595477172851562,0.019792929077148438,0.06747488366699218,-0.04768195458984375,0.009896672668457032,0.07017410443115234,-0.06027743176269531,0.035986760314941406,0.019792929077148438,0.009896672668457032
5021,1.5616989827270509,2.290854013305664,1.9339176123657227,0.9656121809692383,0.236457150390625,0.7291550305786133,0.18071182122802734,0.5376482221679687,-0.3569364009399414,0.765116147644043,0.3928975180053711,0.37221862963867186,0.9656121809692383,0.18071182122802734,0.765116147644043
5022,0.4046767917480469,0.4199662177734375,0.41636596643066404,0.08992856060791016,0.07463913458251953,0.015289426025390625,0.08453001690673828,0.08813026824951171,-0.0036002513427734373,0.10071838995361328,0.0890292152709961,0.011689174682617187,0.08992856060791016,0.08453001690673828,0.10071838995361328
5025,1.1726480254516602,1.4903360350341797,0.6524692993164063,0.5678769145507813,0.25018890496826174,0.3176880095825195,0.07289660424804688,0.9107633399658203,-0.8378667357177735,0.1295940625,0.6497727886352539,-0.520178726135254,0.5678769145507813,0.07289660424804688,0.1295940625
5026,0.21598198333740234,0.21328202685546874,0.16018675219726564,0.05309531475830078,0.055795271240234375,-0.0026999564819335936,0.020698213928222655,0.07379348858642579,-0.05309527465820312,0.03329696911621094,0.08909220025634766,-0.055795231140136715,0.05309531475830078,0.020698213928222655,0.03329696911621094
5027,0.5252996206054688,0.5495835744018555,0.658420508972168,0.1700027640991211,0.14571881030273437,0.024283953796386717,0.20688179327392578,0.09804485870361328,0.1088369345703125,0.25635335400390624,0.12323246563720704,0.13312088836669922,0.1700027640991211,0.20688179327392578,0.25635335400390624
5028,1.6397250529785157,1.9158601083984375,1.7332726688842774,0.48390940673828126,0.2077743514404297,0.27613505529785154,0.31301442028808596,0.4956018596801758,-0.18258743939208985,0.46502430920410154,0.3714766932983398,0.09354761584472657,0.48390940673828126,0.31301442028808596,0.46502430920410154
5029,0.643068854309082,0.7791393312636432,0.8814078110351562,0.2916633511611041,0.15559287420654297,0.13607047695456115,0.2752125549926758,0.1729440752211627,0.1022684797715131,0.31658486206054687,0.07824590533447266,0.23833895672607422,0.2916633511611041,0.2752125549926758,0.31658486206054687
5031,1.421551623046875,1.9334799271240235,1.7112475695800782,0.6567828796997071,0.1448545756225586,0.5119283040771484,0.2168310012817383,0.4390633588256836,-0.22223235754394532,0.49393470275878903,0.20423875622558593,0.28969594653320313,0.6567828796997071,0.2168310012817383,0.49393470275878903
5032,0.5075186853637695,0.580403544921875,0.5282126837158203,0.14757407318115234,0.07468921362304687,0.07288485955810547,0.09898383087158204,0.15117469207763673,-0.052190861206054685,0.1583731432495117,0.13767914489746094,0.020693998352050783,0.14757407318115234,0.09898383087158204,0.1583731432495117
5033,0.15391676947021485,0.17551969860839844,0.18811873077392577,0.05400715045166016,0.03240422131347656,0.021602929138183593,0.04770435211181641,0.035105319946289064,0.012599032165527343,0.06480604010009766,0.03060407879638672,0.034201961303710934,0.05400715045166016,0.04770435211181641,0.06480604010009766
5034,0.3060474892578125,0.4293653395385742,0.3177488969116211,0.15932344360351564,0.03600559332275391,0.12331785028076171,0.045006936584472655,0.15662337921142577,-0.11161644262695312,0.07651151428222656,0.06481010662841796,0.011701407653808595,0.15932344360351564,0.045006936584472655,0.07651151428222656
5035,3.8953044146728515,4.64844296472168,4.338018278198242,1.0806760946044922,0.3275375445556641,0.7531385500488281,0.5120059008789063,0.8224305874023438,-0.31042468646240234,0.8008429053344727,0.358129041809082,0.4427138635253906,1.0806760946044922,0.5120059008789063,0.8008429053344727
5036,0.27441879711914063,0.2843158823852539,0.3463976192626953,0.09177313537597656,0.08187605010986328,0.00989708526611328,0.11516629431152343,0.05308455743408203,0.06208173687744141,0.13316095874023437,0.06118213659667969,0.0719788221435547,0.09177313537597656,0.11516629431152343,0.13316095874023437
5037,3.1219754935302735,2.907774019104004,2.695402757324219,0.38157698583984373,0.5957784602661133,-0.21420147442626952,0.5084819145507813,0.7208531763305664,-0.21237126177978516,0.4112835200195312,0.8378562562255859,-0.4265727362060547,0.38157698583984373,0.5084819145507813,0.4112835200195312
5038,2.9603017693481446,2.9080961473999025,2.586773946838379,0.3969273137817383,0.4491329356689453,-0.05220562188720703,0.3033230131835937,0.6246452138061523,-0.3213222006225586,0.3015217362060547,0.6750495587158203,-0.37352782250976563,0.3969273137817383,0.3033230131835937,0.3015217362060547
5041,0.2097849059448242,0.1845744603881836,0.1656669637451172,0.04051623870849609,0.06572668426513673,-0.025210445556640624,0.025210304138183592,0.04411780078125,-0.018907496643066405,0.04771927380371094,0.09183721600341797,-0.04411794219970703,0.04051623870849609,0.025210304138183592,0.04771927380371094
5042,0.21524984600830077,0.2260577981567383,0.10717518035888672,0.05583941290283203,0.04503146075439453,0.0108079521484375,0.004503148742675781,0.12338576654052734,-0.11888261779785156,0.015310824645996094,0.12338549029541016,-0.10807466564941406,0.05583941290283203,0.004503148742675781,0.015310824645996094
5043,0.06484446020507813,0.041428419250488284,0.0414284248046875,0.0036024652709960936,0.027018506225585937,-0.023416040954589844,0.00810555877685547,0.00810555322265625,5.55419921875E-9,0.004503089416503906,0.02791912481689453,-0.023416035400390625,0.0036024652709960936,0.00810555877685547,0.004503089416503906
5044,0.12337227325439454,0.1738028248901367,0.09635690325927734,0.07924721765136719,0.028816666015625,0.050430551635742185,0.009004965942382813,0.0864508875732422,-0.07744592163085938,0.029717823181152344,0.05673319317626953,-0.027015369995117187,0.07924721765136719,0.009004965942382813,0.029717823181152344
5045,0.4978948453979492,0.4825897415161133,0.4195644189453125,0.07653129486083984,0.09183639874267578,-0.015305103881835938,0.06662605084228515,0.12965137341308594,-0.06302532257080078,0.054021609008789065,0.1323520354614258,-0.07833042645263671,0.07653129486083984,0.06662605084228515,0.054021609008789065
5046,0.21068247485351563,0.17826992553710938,0.12244807897949218,0.017106798889160155,0.04951934820556641,-0.03241254931640625,0.009903890441894532,0.06572573699951172,-0.05582184655761719,0.011704654846191407,0.09993905072021485,-0.08823439587402344,0.017106798889160155,0.009903890441894532,0.011704654846191407
5047,0.9308399021606445,0.8768306578979492,0.7904029974365234,0.15124084802246093,0.20525009228515625,-0.054009244262695315,0.12422941937255859,0.21065707983398438,-0.08642766046142578,0.10622782080078125,0.24666472552490235,-0.1404369047241211,0.15124084802246093,0.12422941937255859,0.10622782080078125
5049,0.14217353314208983,0.28524921783447266,0.18896930267333983,0.15207355816650392,0.008997873474121093,0.14307568469238283,0.01709720263671875,0.11337711779785156,-0.09627991516113281,0.08818577404785156,0.04139000451660156,0.04679576953125,0.15207355816650392,0.01709720263671875,0.08818577404785156
5052,0.018904068786621094,0.02790609747314453,0.02160465203857422,0.009002028686523438,0.0,0.009002028686523438,9.001902465820312E-4,0.007201635681152343,-0.006301445434570312,0.006301353881835938,0.0036007706298828127,0.002700583251953125,0.009002028686523438,9.001902465820312E-4,0.006301353881835938
5053,0.7208869288330079,0.7064838770141602,0.7991851908569336,0.1961943718261719,0.21059742364501954,-0.014403051818847656,0.25559623406982424,0.1628949202270508,0.09270131384277344,0.22499600744628906,0.14669774542236327,0.07829826202392579,0.1961943718261719,0.25559623406982424,0.22499600744628906
5054,0.7690501315917969,1.0433468562011718,0.9965715845947266,0.44520049267578127,0.17090376806640625,0.274296724609375,0.29140884033203124,0.3381841119384766,-0.04677527160644531,0.42091403796386717,0.1933925849609375,0.2275214530029297,0.44520049267578127,0.29140884033203124,0.42091403796386717
5055,1.023582971923828,0.774639163696289,0.9526149978027344,0.15186426666259767,0.4008080748901367,-0.24894380822753906,0.35768817346191406,0.17971233935546874,0.17797583410644532,0.19410945660400392,0.26507743072509765,-0.07096797412109375,0.15186426666259767,0.35768817346191406,0.19410945660400392
5056,0.7899573770141601,0.8501877243041992,0.5545148223876953,0.23996910424804688,0.1797387569580078,0.060230347290039066,0.07549454974365234,0.37116745166015624,-0.2956729019165039,0.08628299102783203,0.3217255456542969,-0.23544255462646485,0.23996910424804688,0.07549454974365234,0.08628299102783203
5057,1.3605154994506836,1.792151665161133,1.809236418029785,0.8012093451538086,0.3695731794433594,0.43163616564941404,0.5161475418701171,0.49906278900146483,0.017084752868652343,0.7517562345581055,0.3030353159790039,0.44872091857910157,0.8012093451538086,0.5161475418701171,0.7517562345581055
5058,0.5559006360473633,0.6242671741333008,0.5406140424194336,0.18260369354248046,0.11423715545654296,0.0683665380859375,0.12683250512695313,0.2104856368408203,-0.0836531317138672,0.15292129138183594,0.16820788500976563,-0.015286593627929687,0.18260369354248046,0.12683250512695313,0.15292129138183594
5059,3.6903956217041016,3.8810232854003908,3.693107998474121,0.7679264546508789,0.5772987909545898,0.19062766369628906,0.5791016670532226,0.7670169539794922,-0.18791528692626952,0.691498582824707,0.6887862060546875,0.002712376770019531,0.7679264546508789,0.5791016670532226,0.691498582824707
5060,1.2169119791259766,1.3339560145874023,1.4185254688720703,0.5274646224975585,0.4104205870361328,0.11704403546142578,0.45361608404541015,0.3690466297607422,0.08456945428466797,0.4977457485961914,0.29613225885009764,0.20161348974609375,0.5274646224975585,0.45361608404541015,0.4977457485961914
5061,0.18606080670166017,0.2435871509399414,0.2184195941772461,0.08628937799072266,0.028763033752441405,0.05752634423828125,0.03595399743652344,0.06112155419921875,-0.025167556762695314,0.05932386865234375,0.02696508117675781,0.03235878747558594,0.08628937799072266,0.03595399743652344,0.05932386865234375
